Voltage (V);Current (A);Temp (C);SOC (estimated);SOC (messured)
4,182422654025997;-0,056480630096196194;23,866365984614117;1;1
4,121969103856774;-1,3797089690273658;23,866365984614117;0,9987163295343799;0,993642915727052
4,008403714560039;-4,759974596706925;23,866365984614117;0,9835048017355057;0,986600201286227
4,073824259629638;-0,3961837410635205;23,866365984614117;0,9560593387601228;0,967206353461956
4,11800662168794;-0,10242864253309136;23,971497199058287;0,9605477778803322;0,967493333333333
4,168761631731821;2,438692997444292;23,971497199058287;0,9500960430572006;0,961379798713773
4,082972545906486;-0,7571514469347491;23,971497199058287;0,9392948370258623;0,957954787438403
4,063982449625914;-1,7627619988625405;23,866365984614117;0,9321736819659227;0,956009679278376
4,069100794619719;-1,0679325802219033;23,866365984614117;0,9234759909466931;0,950070827695649
4,089951592266493;0,10174770540682587;23,76123477016998;0,9180657674803526;0,944323333333333
4,064496175373138;-1,5100681368887017;23,866365984614117;0,9232448261116272;0,940412490603859
4,0938737789180895;-0,046528192596934304;23,76123477016998;0,914600900752414;0,938813333333333
4,074104737340142;-0,8599860832006101;23,866365984614117;0,915059556495832;0,935689574876806
4,042345717232915;-1,5812851025997041;23,76123477016998;0,9094802146759203;0,93046457111835
4,027164310113575;-1,7157991830026944;23,76123477016998;0,9015031006078272;0,928992691890086
4,08790501579468;-0,09987042348485531;23,866365984614117;0,903850957737983;0,925105100643114
3,9955143641130446;-1,9040836878049987;23,971497199058287;0,891630582172605;0,909628314541051
4,106899397228188;1,087194371972231;24,076618416239757;0,8982323985712634;0,90201532448008
4,078904261929561;-0,07518472240000307;23,971497199058287;0,895758957897887;0,89736
4,043392674341368;-0,7795398773500573;24,076618416239757;0,886699518781285;0,890842699406999
4,072528220781562;-0,09987042348485531;23,866365984614117;0,8892007605812681;0,889313333333333
4,055323191033054;-0,9562010657712747;23,971497199058287;0,8881689667903607;0,886483422701077
4,046345461382575;-0,6013250974755167;24,076618416239757;0,8824055507724838;0,878872072997578
4,0507420710122;-0,2424034715726755;23,76123477016998;0,8789488881940295;0,87425
4,066269173104991;-0,10306138920587316;24,076618416239757;0,8790783085303946;0,871823333333333
4,03001742273839;-0,9319965105598982;23,866365984614117;0,87621948756292;0,866948836548902
4,0583601530548155;-0,022061399501044576;23,846846508316485;0,8741454296764885;0,864783333333333
4,060692201136762;-0,10497686853818422;24,076618416239757;0,8718213409461405;0,862736666666667
4,001332382844984;-2,0608628517700645;23,65610355572581;0,8723942926544755;0,858465383780172
4,056128312205928;-0,10497686853818422;23,866365984614117;0,8684221546272989;0,85582
3,9516784686070485;-2,05631599960606;24,076618416239757;0,8492265372920151;0,834864541050698
3,9533224794658635;-2,2159599093900706;23,971497199058287;0,843935992188266;0,829833914641276
3,9467430280145965;-2,072766634386916;23,866365984614117;0,83502084473228;0,824229954898522
4,024672585421103;-0,10251420060993865;23,971497199058287;0,8407851749052278;0,82204322141485
3,978280044527459;-1,090805336456107;23,971497199058287;0,82800434186286;0,817512684373173
4,051055588382763;1,5752004630665297;23,866365984614117;0,8263449568079286;0,815137949553161
3,974118738802635;-0,8119646858252239;23,971497199058287;0,8194727948376003;0,807775816420279
4,005206339534897;-0,2269605566969375;23,76123477016998;0,8209911221825993;0,805083333333333
3,945657464317217;-2,167604457427025;23,971497199058287;0,8149982217389298;0,800769529775328
3,9979612970193226;-0,10497686853818422;23,866365984614117;0,8117933881541358;0,797932595005429
3,987095250014162;-0,42019932484941336;23,971497199058287;0,8081427354627458;0,795349157270525
3,997931205443953;0,6140580067161423;23,89623789570938;0,7996112004577466;0,791195227595423
3,9454136252925567;-0,7524724166814885;23,866365984614117;0,7921204049764;0,785851230268103
3,936616208845393;-1,976272622814772;23,971497199058287;0,7958323322014258;0,78357088699574
3,8777908182390677;-1,8354421729445853;24,076618416239757;0,7690583466877866;0,759657031654556
3,993227688386406;2,750848378233144;24,181749630683935;0,7664360990109929;0,757882886494613
3,9080927330404402;-0,4240147643756096;23,971497199058287;0,7539841978385773;0,750811864194438
3,9280583161105227;-0,3153264257741917;23,971497199058287;0,7524981933574886;0,749911759792867
3,9384501914662704;-0,10752509454328063;23,971497199058287;0,7485016374204251;0,747513333333333
3,902440606275734;-0,6256443961588438;23,866365984614117;0,7363911400493638;0,741283101979454
3,893181152324809;-1,1467504458557443;23,971497199058287;0,7373868196113507;0,73548433976447
3,908893830442151;-0,3953046562370055;23,866365984614117;0,7328486744929088;0,731342684373173
3,9157473557507427;-0,2983696612601108;23,866365984614117;0,7327679940468367;0,729057904451683
3,9179879202159373;-0,10584330368951811;23,866365984614117;0,7294795389005198;0,725971133383446
3,8799238643217144;-1,0930680433657187;23,866365984614117;0,721526730211157;0,721419753612294
3,9135945502121903;-0,10497686853818422;23,866365984614117;0,7222904401031846;0,720314257913639
3,960562339585336;2,7458222455975765;23,76123477016998;0,7127182587019958;0,714060105236783
3,787651653764344;-3,3708271423293983;23,866365984614117;0,702973383002434;0,70205382443832
3,900937243937838;1,7247016919473275;23,971497199058287;0,6975392517349176;0,689030276455358
3,86654188967822;0,6694401629996882;23,971497199058287;0,6882746526612243;0,683755652718617
3,816800902640759;-2,2384862518132085;23,971497199058287;0,6813129421460771;0,680322818007183
3,870047579571537;0,1624770036229073;23,971497199058287;0,6798930875907401;0,67717
3,904226512245379;2,3982669363383238;23,866365984614117;0,6656340062488569;0,673498837384114
3,8373153371456414;-0,16994574348266767;23,971497199058287;0,6617324139843773;0,666296756034411
3,8116397237106803;-1,7410309459309197;23,971497199058287;0,6632861475493119;0,662149924830869
3,8773685735953096;1,5076429192122625;23,971497199058287;0,6556423925061147;0,658463811074919
3,798760838587314;-1,6909914896714042;23,971497199058287;0,6542134138838034;0,654415547481834
3,8156472389411915;-0,8241879503637897;23,971497199058287;0,6493395004385223;0,651335681951057
3,835647339483594;-0,10752509454328063;23,971497199058287;0,6459760717178095;0,64906623402656
3,8167197385770377;-0,3201903285778549;23,866365984614117;0,6402112980879909;0,645009462958323
3,827703163586406;-0,11008331359151668;23,866365984614117;0,6398941708760154;0,641746666666667
3,7516597847280533;-1,1565248138861826;23,971497199058287;0,6245312694867498;0,620744429132214
3,7621026270141322;-2,202427410971982;23,971497199058287;0,6256164910165598;0,617057381608619
3,7590394564441443;-1,9758351673974985;23,866365984614117;0,6176596699087061;0,611820938778919
3,8218103846439107;1,3577474371109517;23,971497199058287;0,6113334882755691;0,605690902864779
3,747725255328051;-1,960628632687122;23,971497199058287;0,6022104477464086;0,60297301929341
3,7636930269655418;-0,2791420021016897;23,971497199058287;0,5930341241421991;0,597195398813998
3,7231449847869715;-2,255073929750825;23,971497199058287;0,5939066335948582;0,591865099807901
3,8039060531236144;1,862035973885554;23,866365984614117;0,5832974301684907;0,586830716612378
3,76802153910627;-0,10886990626046966;23,866365984614117;0,5841930268375497;0,584506666666667
3,7974852453222736;1,500354124737452;23,971497199058287;0,5779115801113457;0,580086741835797
3,7609199273193896;-0,11126324886024008;23,866365984614117;0,5753341522891287;0,577636666666667
3,73118697526879;-0,767533905788131;23,866365984614117;0,5687823900159167;0,572942878142487
3,739921820943353;-0,08456419871668786;23,866365984614117;0,563941522346662;0,568804668003007
3,7135375286658867;-1,239538711018099;23,866365984614117;0,5629203282392027;0,564617024137643
3,617600054649401;-3,0843873620287763;23,971497199058287;0,5402607882068682;0,540273466132131
3,673579942861452;-1,2446666845568224;23,866365984614117;0,5403421435798982;0,536150752526518
3,675710616401949;-0,9370276209378332;23,866365984614117;0,5332592794980106;0,530831834126785
3,6984909342169554;-0,3722807148493885;24,076618416239757;0,531470545751238;0,529317479328489
3,7127293940628823;0,005318166615502662;23,866365984614117;0,5283465284441813;0,52667
3,6369310078275365;-2,4725816182284497;23,885411303593262;0,5176413871822976;0,520794227010774
3,67089955834228;-0,5050517691535426;23,76123477016998;0,510324062483914;0,513953832790445
3,6734028516910193;-0,2674159459197831;23,866365984614117;0,5060720641432224;0,509026666666667
3,7321799268839344;2,4940723368464788;23,971497199058287;0,5018818561688305;0,506311298755534
3,7242454497580875;2,6307006306923384;23,76123477016998;0,49563272811597736;0,502568696233191
3,658616317015714;-0,5521372332803658;23,866365984614117;0,49514928182008067;0,499240081850831
3,6806155431869563;-0,11010055290553211;23,866365984614117;0,49625452707630313;0,497716666666667
3,6229535904501318;-1,8201328308277098;23,76123477016998;0,48952008223718874;0,489922698571787
3,595214543932983;-1,6316087408752296;24,076618416239757;0,47819449759907123;0,480515509897269
3,6897708917979632;3,0877426002607287;24,076618416239757;0,46866713794659587;0,462919352710265
3,536513432814704;-4,900431703379933;23,76123477016998;0,46535176111800713;0,460140944625407
3,643582844433904;-0,11518975864487402;24,2868808451281;0,4629841812155761;0,455823333333333
3,5969540395601274;-1,5128618872818471;23,866365984614117;0,4502767867542044;0,450144070826025
3,589989748703253;-1,9982125356065872;23,76123477016998;0,44668995251655136;0,447712899858014
3,597179119416775;-0,6792470796541608;24,181749630683935;0,4377342008168073;0,440371617806732
3,609048678865576;-0,5811803493788652;23,971497199058287;0,43844323102655797;0,435644742336925
3,619645603187162;0,08992240235661697;23,65610355572581;0,4348037704352881;0,430793333333333
3,5844035906740537;-1,8935277140668205;24,076618416239757;0,43516876400683085;0,428817478493276
3,584551894664645;-1,8373959543518623;23,971497199058287;0,4326067872807642;0,425303623152092
3,6580164006324196;1,6908132945088212;23,866365984614117;0,4275679286609138;0,42152885241794
3,614541694509139;-0,31540022305832593;23,866365984614117;0,4257731327225198;0,418708515827278
3,6145043521031606;-0,1139705823407482;24,076618416239757;0,4224537295849298;0,414026666666667
3,4847458097179422;-2,9176287886125998;24,181749630683935;0,4052854597074754;0,393633122859768
3,5891471845929455;-0,1140109651520902;24,181749630683935;0,407486889954583;0,387983333333333
3,586268423882726;-0,11773798464997043;24,181749630683935;0,40153644953586987;0,382354764887664
3,572356085537525;0,08032885557516423;24,181749630683935;0,3895527319734112;0,374373333333333
3,5828881369163725;-0,11680323073578336;24,181749630683935;0,3886868496969692;0,373156666666667
3,5184148946451232;-2,3399653697087306;24,076618416239757;0,381200556165942;0,367703376764387
3,5943429966065095;1,150768920684449;23,971497199058287;0,3766740993238661;0,362120291489184
3,544294300402841;-0,5792468344940609;24,076618416239757;0,3729566040494327;0,355605152426293
3,5627669035202114;-0,11518975864487402;23,971497199058287;0,3704523662750507;0,353213333333333
3,5476351162098236;0,0787951951230994;24,076618416239757;0,3623717584480282;0,347156666666667
3,57134300250013;0,6586277353735177;24,076618416239757;0,3595265488614852;0,345799403658231
3,519535518684644;-1,686275539492847;23,971497199058287;0,3599152367661998;0,342619126367661
3,5237080386923716;-0,5669452606533341;24,076618416239757;0,3492768896421895;0,337227441743924
3,4461255284072814;-4,120412097610668;23,866365984614117;0,352431119710399;0,333293397644701
3,455069155277652;-1,3275357614356906;24,392012059572277;0,3302271241825462;0,309563869539798
3,455752608266819;-1,4549193961593687;24,181749630683935;0,3223021777492905;0,303073630669005
3,4403513891386592;-1,8022652696625947;24,2868808451281;0,31049494393981636;0,296779849661739
3,470101185233203;-1,3402968775474733;24,2868808451281;0,30723276569679697;0,295629596592333
3,5240478023104544;2,3146386711195888;23,971497199058287;0,29089317071707954;0,290108099891422
3,429488787848846;-2,9508056918945673;24,181749630683935;0,29524162906735063;0,287700243882068
3,452679050285068;-1,1233479106042168;24,076618416239757;0,2846168292687752;0,279388656978201
3,421729539548381;-2,1442771717184854;23,866365984614117;0,28007835217876487;0,274273354213647
3,423623459017949;-1,5112978320538097;24,076618416239757;0,27417071727646203;0,26925070742504
3,455534047874508;-1,0493294399386635;24,15775200193057;0,2755916287761171;0,267824384030736
3,4070907584539887;-3,017830970364475;23,971497199058287;0,2752513288800965;0,264279744424956
3,4688817362680116;-0,11773798464997043;23,971497199058287;0,266484411251116;0,260816666666667
3,405930057553137;-1,8668951723703202;23,971497199058287;0,26054053727854143;0,253397962916562
3,2638868312150953;-6,514736136423956;23,971497199058287;0,2510932716009019;0,245845453938027
3,360649675951165;-0,4827138998811158;24,392012059572277;0,2283166577548409;0,222375383780172
3,4258201440198235;-0,12177973367749217;24,392012059572277;0,23515402708218588;0,222683333333333
3,4654066908730217;2,7130690112892246;24,392012059572277;0,21458825703090303;0,215335266850414
3,355574971658498;-1,1232447902110039;24,181749630683935;0,2024663101423517;0,211071878393051
3,3324007741475024;-2,3153349420961256;24,076618416239757;0,191590350927321;0,208656463710014
3,312862288876783;-1,5382052588058563;24,181749630683935;0,1734029476020246;0,201389447089284
3,337773845721673;0,2538139639289021;24,076618416239757;0,1583331843698333;0,194391909295916
3,2818673102799183;-1,9477439919454156;24,076618416239757;0,153314933969535;0,189576598179237
3,332548273886515;-0,08965753337816551;24,076618416239757;0,14034324858583666;0,187657881900944
3,2917420719786645;-1,3096655085839757;23,971497199058287;0,13358253295380057;0,183764443330828
3,2289697564449265;-1,8140169281662537;24,076618416239757;0,11959746036952437;0,177235032155684
3,22064373949252;-2,139170726665128;24,076618416239757;0,11367147657763711;0,175382078844066
3,283456900953171;-0,12345419062411267;24,076618416239757;0,10840966629887762;0,17053413096133
3,0619681683335713;-2,2255160479867833;24,2868808451281;0,13284475267604254;0,150384852584983
3,1532105322347546;-0,00543616564911531;24,602274488460612;0,14525155121782948;0,136626666666667
3,177394128305613;-0,00543616564911531;24,392012059572277;0,15244849718203113;0,136626666666667
3,1846662590195796;-0,00543616564911531;24,181749630683935;0,16045924046502902;0,136626666666667
3,188889110096241;-0,00543616564911531;23,971497199058287;0,16470117187089617;0,136626666666667
3,1919283592084224;-0,00543616564911531;23,76123477016998;0,16311756555018703;0,136626666666667
3,194466082064469;-0,00543616564911531;23,866365984614117;0,1544094413197836;0,136626666666667
3,5299031137462524;2,991007804172895;23,88756490568427;0,1531282649570554;0,157343095238095
3,569664385022862;2,991007804172895;24,326854205333436;0,16402003913947705;0,185541507936508
3,6055630991182883;2,991007804172895;24,443104739996574;0,18978373870110715;0,213736587301587
3,637323438524292;2,991007804172895;24,53469013631791;0,2214867260764398;0,241931666666667
3,6647426327800163;2,991007804172895;24,615820306583412;0,2591248973542286;0,270130079365079
3,686202950215576;2,991007804172895;24,661540635508384;0,2912931441086206;0,298326612946766
3,7060119530552997;2,991007804172895;24,680458805130552;0,31812998231324907;0,326523571428571
3,7270910569230895;2,991007804172895;24,602274488460612;0,3452348350110126;0,354721984126984
3,748512377321109;2,991007804172895;24,812526920086224;0,3733174830768756;0,382917063492064
3,7692341945013887;2,991007804172895;24,742289530998473;0,398985563203896;0,411114362649822
3,790834922229952;2,991007804172895;24,818129150334382;0,42596867225183666;0,439310555555555
3,8148702285055665;2,991007804172895;25,022789348974566;0,4559527339917132;0,467506570834683
3,842140181739539;2,991007804172895;24,769237206013674;0,4868806805467618;0,495704047619048
3,872017909853774;2,991007804172895;24,729353822791833;0,5185010886482455;0,523902112352878
3,9030528297905396;2,991007804172895;25,00144468144853;0,5462900998502603;0,55209753968254
3,933996501842057;2,991007804172895;24,917658134530388;0,5727319064382317;0,580292619047619
3,9642113061267077;2,991007804172895;24,831674968457218;0,5997051627585195;0,608490424630169
3,993105493650718;2,991007804172895;25,10157816161355;0,6290278269726226;0,636686111111111
4,020835468472003;2,9924534085756953;24,96314858470657;0,6549019883942555;0,664884523809524
4,049032476825281;2,991007804172895;24,83984843508068;0,6806489025091377;0,693082070240795
4,078585229897439;2,991007804172895;25,117925094860485;0,7093124862778407;0,721278015873016
4,111455921140579;2,991007804172895;25,060106332527273;0,7367322945620443;0,749476428571429
4,147097735031707;2,991007804172895;24,917658134530388;0,7649276682237512;0,777671507936508
4,183022725236312;2,9861505256317393;25,029140813663215;0,795683768474937;0,805866396447468
4,197779387988868;2,5682509577486314;25,081076382833086;0,823410232626938;0,832494041950113
4,197712725775259;2,1572574194871876;24,873989686289068;0,8464946987167953;0,854553734207969
4,197618899586906;1,898969962718624;24,707405702904747;0,8646301418555957;0,873661098423496
4,197618899586906;1,7127437240330217;24,707405702904747;0,8823731438430696;0,890648526886945
4,197618899586906;1,545759519676622;24,445301359151653;0,901152817500788;0,905997329122125
4,197618899586906;1,3919695952155031;24,497143274016448;0,9156422577235929;0,919891067109383
4,197618899586906;1,243013660519793;24,497143274016448;0,9266538044365992;0,932355468901846
4,197618899586906;1,0921204245285843;24,121734249195672;0,9369319434969999;0,943357951625094
4,197618899586906;0,9429323749419432;24,314576977342792;0,9455243373096717;0,952988490173847
4,197618899586906;0,7998120116535183;24,291503962186983;0,9540754722511938;0,961270425170068
4,197618899586906;0,6688620840152666;24,00843605242324;0,9626576815784207;0,9681878595724
4,197618899586906;0,5547289564995772;24,148357613916037;0,9699766643472352;0,973979488716121
4,197618899586906;0,4547223664143125;24,06596770516016;0,9771653983050556;0,978788279073534
4,197618899586906;0,3695650848034049;23,913959399640294;0,9837858566018817;0,982680148742036
4,197618899586906;0,30373750891395446;24,076618416239757;0,9889648617520332;0,985880791761149
4,197618899586906;0,24666584342756437;23,842918352238083;0,9944440394716525;0,988529431486881
4,197618899586906;0,2011952844787963;23,7406393370844;0,9990813919670909;0,99068491739553
4,197618899586906;0,16690322539850655;23,971497199058287;1;0,992466812439261
4,197618899586906;0,13970141657366497;23,826571418991183;1;0,993964290573372
4,197618899586906;0,116028136882381;23,65610355572581;1;0,995219835870856
4,197618899586906;0,09845088786440925;23,926755983322604;1;0,996279833171364
4,197618899586906;0,08440601693632388;23,8382952351792;1;0,997189053287982
4,197618899586906;0,07144027084874338;23,862117484775464;1;0,997975148202138
4,197618899586906;0,06270380673933218;23,797802519282204;1;0,998648984180974
4,197618899586906;0,054060730806821056;23,93525298299991;1;0,999245952380952
4,197618899586906;0,04797587392252822;23,76123477016998;1;0,99977216904222
4,195766575639583;0,007661903285459459;23,83797170212537;1;1
4,194720957568805;-0,00543616564911531;23,821948301932306;1;1
4,193497667282617;-0,00543616564911531;23,749136336761705;1;1
4,192639916853297;-0,00543616564911531;23,65610355572581;1;1
4,191866313009368;-0,00543616564911531;23,813825919475267;1;1
4,191123572444635;-0,00543616564911531;23,781506670201697;1;1
4,190555219073965;-0,00543616564911531;23,680198254209525;1;1
4,190149652970346;-0,00543616564911531;23,71686817165452;1;1
4,189618555835846;-0,00543616564911531;23,943051832403146;1;1
4,18917536389054;-0,00543616564911531;23,866365984614117;1;1
4,188769017959893;-0,00543616564911531;23,797427902061944;1;1
4,188421696811923;-0,00543616564911531;23,797853603448598;1;1
4,18814311010542;-0,00543616564911531;23,870665568619163;1;1
4,187729420803613;-0,00543616564911531;23,894385649882647;1;1
4,187565875642171;-0,00543616564911531;23,776781384809997;1;1
4,187277258410547;-0,00543616564911531;23,77370782079846;1;1
4,186996778186548;-0,00543616564911531;23,781080968815044;1;1
4,186710054472421;-0,00543616564911531;23,81420053669549;1;1
4,186454925125327;-0,00543616564911531;23,93020416455437;1;1
4,186303338936257;-0,00543616564911531;23,76123477016998;1;1
4,186014721704634;-0,00543616564911531;23,88351323646793;1;1
4,185899373102682;-0,00543616564911531;23,65610355572581;1;1
4,185618036693594;-0,00543616564911531;23,859367453817793;1;1
4,185499938389054;-0,00543616564911531;23,902184499285884;1;1
4,18521132115743;-0,00543616564911531;23,69309700622465;1;1
4,185093222852892;-0,00543616564911531;23,770583172620558;1;1
4,184930285306675;-0,00543616564911531;23,894011032662423;1;1
4,184759766379588;-0,00543616564911531;23,776032150369513;1;1
4,184599277977626;-0,00543616564911531;23,74838710232125;1;1
4,184460341232773;-0,00543616564911531;23,82742282176449;1;1
4,184342242928237;-0,00543616564911531;23,813025600868382;1;1
4,184224144623698;-0,00543616564911531;23,677124690198017;1;1
4,184087721196367;-0,00543616564911531;23,76123477016998;1;1
4,1839172022692805;-0,00543616564911531;23,76123477016998;1;1
4,183746683342195;-0,00543616564911531;23,76123477016998;1;1
4,183581232478458;-0,00543616564911531;23,86324133643622;1;1
4,183469783011636;-0,00543616564911531;23,76123477016998;1;1
4,186474986175572;-0,09958228842772954;23,76123477016998;1;0,999826666666667
4,165833166336776;-0,22823740042296947;23,795041098004535;1;0,99579
4,1391409381214945;-0,10242864253309136;23,866365984614117;0,9888461786718251;0,985236666666667
4,138127855084101;-0,09987042348485531;23,866365984614117;0,9841946543285767;0,982246666666667
4,029641376466047;-2,2514725456659814;24,076618416239757;0,9603623234374781;0,9590408239106
4,087383647365063;0,053262969856390896;24,181749630683935;0,9461153171736241;0,94505
4,117972944513231;1,84756383395111;24,076618416239757;0,92786739807651;0,941228245718442
4,058324997207802;-1,0746717141265556;24,076618416239757;0,9210998189086597;0,935260706209086
4,112842664202581;0,795995902516804;24,076618416239757;0,9150848590138171;0,933702426767176
3,9037263401175206;-6,413266342463553;24,181749630683935;0,8974274542470985;0,90574807643986
4,077593635968533;-0,10183184316774785;24,2868808451281;0,8992753605603642;0,90297
3,966795396895437;-4,801243765445804;24,2868808451281;0,896546511596667;0,897525496925213
4,117806011185485;2,1967066950851297;24,2868808451281;0,887944380968732;0,890862393043708
4,048240337892175;-0,12813581246387784;24,181749630683935;0,8780535559570939;0,878406666666667
4,098811304653109;1,7021471811335367;24,181749630683935;0,8763784340354077;0,877239530516432
4,120281656611894;3,55347620356725;23,909098350889852;0,8664037795748624;0,875240215565695
3,9887969408709383;-3,2433165858445943;24,076618416239757;0,8812189146221855;0,868664237254513
4,045144166893025;-0,17519531257456222;23,971497199058287;0,8737818365619613;0,862013333333333
3,9754728596942006;-1,6746441155017457;23,971497199058287;0,8607013882114424;0,84936149375124
3,9893544080481815;0,4667451165727172;24,2868808451281;0,8408902468500852;0,824670483369702
4,021633336308922;-0,18410178425704515;24,015685229053783;0,8474635368138287;0,826798067843682
3,9896760832679607;-0,2555984318815625;24,076618416239757;0,8315759321036905;0,816859952390399
4,024966111099342;0,8266245797936982;24,181749630683935;0,830281357143516;0,81521115585532
3,877584965021654;-2,8691325501706118;23,971497199058287;0,8010363583339322;0,796879771870661
3,892971790559894;-2,8053269696117713;24,392012059572277;0,7965286320929811;0,782808181577729
4,04552640332341;4,819107901643516;24,497143274016448;0,787451699143061;0,77781595582887
3,962625631393016;0,34423040746517586;24,2868808451281;0,7839876408597007;0,772067291542683
4,007335581850906;3,8476278041483596;24,181749630683935;0,7694365854481815;0,763022810288964
3,967167228720408;1,1458170417029088;24,2868808451281;0,7622477776613229;0,756857234014415
3,8978775013216707;-2,2116677748467506;24,076618416239757;0,7587030107969454;0,755043505918138
3,94436820128867;-0,10516542007555785;24,2868808451281;0,7581856916765692;0,75195
3,9303354966419963;-0,10752509454328063;24,076618416239757;0,7505224307303123;0,744356666666667
3,890505803568104;0,14390884540579663;24,076618416239757;0,7307615772056044;0,733840682404285
3,7990739834649907;-2,162379221499176;24,181749630683935;0,7116917037094292;0,709303868941348
3,858135776808715;-1,2152339424348355;24,181749630683935;0,7125302600059403;0,70385668782649
3,847824396982567;-1,1950709053147506;24,2868808451281;0,7003876040854268;0,69824234146664
3,8784275291319608;-0,10752509454328063;24,076618416239757;0,6964403410429895;0,69343
3,8667674068132563;-0,5592098998847881;24,076618416239757;0,6887958844257239;0,690520210275739
3,9255695924178458;5,987451773994902;24,2868808451281;0,653987567627474;0,655356175362031
3,7971000314370116;-1,7005898398503945;24,392012059572277;0,6612512101131165;0,655559371156517
3,7829432515226227;-1,2841459680470315;24,392012059572277;0,6479849183225632;0,645336368445414
3,833280135554635;-0,10933376200766531;24,076618416239757;0,6516756975364525;0,645473333333333
3,821072986480294;0,07623697607483848;24,497143274016448;0,6364709409530764;0,632597138795213
3,8194179498350467;-0,10752509454328063;23,971497199058287;0,6344777101471037;0,630593333333333
3,8204292818583347;-0,10242864253309136;24,076618416239757;0,6334134544245302;0,627773333333333
3,9012956340701805;4,913192896574746;24,181749630683935;0,6158589000551968;0,61805597368247
3,8038706358948433;-0,11008331359151668;24,076618416239757;0,6215590962635791;0,61558
3,674363957218243;-2,5568505323369006;23,971497199058287;0,5931502956523915;0,592610370296899
3,7392858933476862;-0,17746235563435775;24,2868808451281;0,5866707777260447;0,575756666666667
3,7387416184698945;-0,12085742378580377;24,2868808451281;0,5782253230831508;0,572053333333333
3,7474637938118107;-0,5924674928768745;23,866365984614117;0,5750393214910118;0,567022541823712
3,766125769858077;1,1940227345461523;23,971497199058287;0,5649846557697337;0,561960533624281
3,6598512319522962;0,2191674723525665;24,392012059572277;0,532103717428078;0,53527495999471
3,701762275902352;-0,4187111742831817;24,497143274016448;0,540143003166436;0,52797025788534
3,673392088675346;-1,7588754762739605;24,392012059572277;0,5303939611371137;0,524110712160286
3,633612502461928;-2,5398817642265037;24,181749630683935;0,5148850798238811;0,515174855518085
3,6028934810357645;-2,5781651125618286;24,2868808451281;0,4958870704058875;0,501711380678437
3,679319197801731;-0,2479073648159158;24,181749630683935;0,5049857494262024;0,500534462738875
3,6850089131907047;-0,1687824490970513;24,076618416239757;0,5045213228047005;0,499103013952258
3,643603613848947;-0,2995263767121301;24,076618416239757;0,4899254381330421;0,48967
3,6184963538576302;-1,9939232240928817;23,971497199058287;0,48955321745211955;0,484284031607485
3,6271874188523388;-0,19889297489471147;24,076618416239757;0,4747926943675258;0,472268667592409
3,5244266867180483;-1,7332086531808777;24,076618416239757;0,4444548840844798;0,442765541889837
3,628707575676922;-0,11450161243789125;24,392012059572277;0,45147172980882966;0,44328
3,555481085049439;-1,7242195034823702;24,076618416239757;0,430499749532748;0,433372963697679
3,626587101574218;-0,11933693102578147;24,09115451155186;0,4331686426774168;0,431836666666667
3,38792001874595;-7,876766392771641;24,181749630683935;0,4062641468355442;0,414901320505191
3,567329507047509;-0,6945564217710398;24,497143274016448;0,4061940855497388;0,396973283078754
3,484919247892481;-4,540898719071478;24,602274488460612;0,3987065423975291;0,389375646366462
3,5849353091910667;-0,11550367420711183;24,392012059572277;0,3943838434810584;0,382326666666667
3,524731152254888;-1,2611719618285875;24,076618416239757;0,37868438443146407;0,372796885538584
3,5892242530910696;1,4647103645116815;24,497143274016448;0,37183215670688724;0,363203281095021
3,546506698013189;-1,470466257713415;24,181749630683935;0,38159066492264365;0,36318759042518
3,6601594084451565;5,179339050204796;24,076618416239757;0,36664035886025714;0,357475383191166
3,557691457808119;-0,11773798464997043;24,392012059572277;0,3713489591475774;0,35065
3,4561701193252765;-3,68208080466035;24,076618416239757;0,3628831368544173;0,342977179131125
3,4184593821452487;-2,8595376825041185;24,392012059572277;0,3408343940839678;0,315458819678635
3,5121195587178535;0,11228713597928675;24,602274488460612;0,3347079273549074;0,305573333333333
3,484452626510718;-0,5056879060995598;24,2868808451281;0,32005870797421915;0,299824743106526
3,5011100276800042;-0,16663498555348966;24,392012059572277;0,3115009204275164;0,292972589433314
3,4946924296557054;-0,10296141386825752;24,2868808451281;0,3007772979974471;0,290331140646697
3,349826119883847;-2,067386990660829;24,707405702904747;0,26108625411474784;0,25219056007406
3,444838417610237;-1,2470677319505832;24,707405702904747;0,275540427195622;0,25260630562719
3,35783372029759;-1,526617167213832;24,497143274016448;0,2469061975417302;0,239720510480725
3,4525314324216057;-0,11874797385014446;24,497143274016448;0,25583996331144776;0,238626666666667
3,4102916196548487;-0,7307239191516608;24,602274488460612;0,23248352380873363;0,224034460093897
3,4303840329506574;-0,12028621065504197;24,392012059572277;0,23279443171261024;0,221716666666667
3,3512430603961887;-2,2233920943941783;24,392012059572277;0,22468910700931163;0,216865994842293
3,2742601172174233;-3,604200818729426;24,392012059572277;0,2039246197832174;0,206845503537658
3,391398571430052;-0,09987042348485531;24,392012059572277;0,20126134226010975;0,204286666666667
3,1847220526963262;-2,6062349067020847;24,497143274016448;0,1667715437318336;0,18164988891093
3,164184567430989;-5,364669790177031;25,022789348974566;0,14928134526940345;0,159854726575415
3,1982615205467906;-2,927159755119497;24,812526920086224;0,1323327030027068;0,156180041658401
3,179525359206332;0,020086066574425132;24,707405702904747;0,14379367915496744;0,144163333333333
3,155295560240536;-1,3423549666906212;24,602274488460612;0,13795306480604247;0,141543430536269
3,1709645617019544;-0,00543616564911531;24,392012059572277;0,15616027407013322;0,13658
3,1914268329522875;-0,00543616564911531;24,392012059572277;0,15397920076080823;0,13658
3,1978463690308234;-0,00543616564911531;24,076618416239757;0,15651666672317727;0,13658
3,2019087317055224;-0,00543616564911531;24,181749630683935;0,1543920214851095;0,13658
3,2049479808177033;-0,00543616564911531;23,971497199058287;0,15235207421543479;0,13658
3,2073151847466628;-0,00543616564911531;24,076618416239757;0,14891014397487354;0,13658
3,4964027938003923;2,991007804172895;23,898939328486836;0,14791327852879665;0,152105186659087
3,5583227340755372;2,991007804172895;24,078138221012882;0,1603844132405649;0,180383729933133
3,596786370777535;2,991007804172895;24,2868808451281;0,18618715856931894;0,208658988061399
3,629815948295666;2,991007804172895;24,43427629343068;0,21681057128288161;0,236936215382117
3,6591917492035093;2,991007804172895;24,50759406638868;0,25063137394671847;0,26521278946371
3,6821207655121606;2,991007804172895;24,602274488460612;0,28491578182946287;0,293491356831533
3,70197201461236;2,991007804172895;24,655450579060645;0,3122855595102798;0,321766590866022
3,722735371873805;2,991007804172895;24,622416170818585;0,3395982286456339;0,350041824900512
3,744255911180373;2,991007804172895;24,800856270862898;0,367829756451606;0,378320392268334
3,7653159994470577;2,991007804172895;24,707405702904747;0,3938631164957837;0,406598959636157
3,786825678121696;2,991007804172895;24,812526920086224;0,42093344211123646;0,434873247786892
3,810323472371817;2,991007804172895;24,70938638368006;0,44908315541961763;0,463149427705136
3,8372217954861427;2,991007804172895;24,883863823901823;0,4815540869942284;0,491425733235875
3,866828172204335;2,991007804172895;24,917658134530388;0,5145991015592312;0,519703229107447
3,89800430858971;2,991007804172895;24,925368155373686;0,5412831892994276;0,547981552018192
3,929288329533204;2,991007804172895;24,941761555173304;0,5684639322698628;0,576257030509759
3,959670969348247;2,992363146665177;24,917658134530388;0,595870583619341;0,604534037467176
3,9886955633898893;2,991007804172895;24,917658134530388;0,6234102849437961;0,632810831912071
4,0168172439862;2,991007804172895;25,0990955021044;0,6517980080680386;0,661089399279894
4,044845418223729;2,991007804172895;25,022789348974566;0,6779433827698307;0,689366098973984
4,0744116198905544;2,991007804172895;25,049881149789282;0,7049522521850898;0,717643200682206
4,106954511246448;2,991007804172895;25,127920563418737;0,7332750130677101;0,745921768050028
4,142581952410662;2,991007804172895;24,954193216688022;0,7612590149300774;0,774197002084518
4,178795026187405;2,991007804172895;25,164703254219145;0,7927640204083657;0,802474403205284
4,197779387988868;2,6149473705991184;25,012850850346044;0,8198944052473462;0,829788480197082
4,197779387988868;2,1881103547949543;24,890813942358538;0,8436723742657867;0,852187756300929
4,197618899586906;1,9286760748384957;24,97631576818846;0,8632217153244615;0,87155958201359
4,197618899586906;1,7308722739063285;24,406672198872247;0,8804830391473979;0,888895906494491
4,197618899586906;1,5617914834948117;24,673099098532422;0,8988077789459765;0,904450587454993
4,197618899586906;1,4118821333393967;24,70020331940132;0,9138921282360618;0,918507100354639
4,197618899586906;1,262213407514917;24,15739860139823;0,9260959024144351;0,931197196188311
4,197618899586906;1,1062467003549514;24,174287218483496;0,9357943257578768;0,942449285849644
4,197618899586906;0,9595408943775041;24,392012059572277;0,9443688128128308;0,952198481550665
4,197618899586906;0,8154945802410722;24,25283892585671;0,9531975546302345;0,960620642410461
4,197618899586906;0,6821251059439888;24,074390150367595;0,9616506124999974;0,967766804190693
4,197618899586906;0,5619872429224131;24,047036265867508;0,9694500906753502;0,973639169982945
4,197618899586906;0,4612548479269556;24,076618416239757;0,9765182897732327;0,978502409919056
4,197618899586906;0,37504616395682433;23,959577831287337;0,9831824286386627;0,982516442242616
4,197618899586906;0,3055367803090263;23,951603125343144;0,9888187735899311;0,985772717723815
4,197618899586906;0,24955115166825692;23,971497199058287;0,993785644944426;0,988439950729581
4,197618899586906;0,2042421510432213;23,971497199058287;0,9982283028250947;0,990639629118276
4,197618899586906;0,16985708860005744;23,876569168343604;1;0,992451977584667
4,197618899586906;0,14106461940927417;23,90838260982974;1;0,993952279704378
4,197618899586906;0,11658901906677244;23,835064836871705;1;0,995218489401446
4,197618899586906;0,09926074867080814;23,970472611570816;1;0,996293694198544
4,197618899586906;0,08369707861437092;23,866365984614117;1;0,997197543517691
4,197618899586906;0,07169768024914447;23,802226807898098;1;0,99798172987899
4,197618899586906;0,06280756049197578;23,866365984614117;1;0,998665054549392
4,197618899586906;0,05381375672369515;23,866365984614117;1;0,999258233032838
4,197618899586906;0,046933220658665675;23,866365984614117;1;0,99978314004169
4,197163416153798;0,03435572072947224;23,866365984614117;1;1
4,195081176730859;-0,00543616564911531;23,866365984614117;1;1
4,193842645971775;-0,00543616564911531;23,76123477016998;1;1
4,1929087334545265;-0,00543616564911531;23,866365984614117;1;1
4,1920477261468845;-0,00543616564911531;23,76448783544272;1;1
4,191473605054741;-0,00543616564911531;23,76123477016998;1;1
4,190727860398779;-0,00543616564911531;23,82811471841499;1;1
4,190325885047548;-0,00543616564911531;23,77411041959593;1;1
4,1897470097813905;-0,00543616564911531;23,89174160138729;1;1
4,189343227583354;-0,00543616564911531;23,71329261398513;1;1
4,188966487804872;-0,00543616564911531;23,77736348486867;1;1
4,188531971289297;-0,00543616564911531;23,77691949695743;1;1
4,188222592356416;-0,00543616564911531;23,7238714797933;1;1
4,1879376865036715;-0,00543616564911531;23,89403838500507;1;1
4,187648248870594;-0,00543616564911531;23,65610355572581;1;1
4,187358811237512;-0,00543616564911531;23,807329073662604;1;1
4,187072761645853;-0,00543616564911531;23,728521437826007;1;1
4,1867899664964785;-0,00543616564911531;23,95670898632238;1;1
4,186625444052414;-0,00543616564911531;23,78201681970761;1;1
4,186381610157406;-0,00543616564911531;23,971497199058287;1;1
4,186113887271155;-0,00543616564911531;23,734458883830566;1;1
4,185973253818336;-0,00543616564911531;23,63767805740935;1;1
4,1857828799421055;-0,00543616564911531;23,866365984614117;1;1
4,185574928004387;-0,00543616564911531;23,82020831830331;1;1
4,185441842087933;-0,00543616564911531;23,75250016183921;1;1
4,185271323160847;-0,00543616564911531;23,78526988498034;1;1
4,185047652959323;-0,00543616564911531;23,866365984614117;1;1
4,18492873425333;-0,00543616564911531;23,760278488514988;1;1
4,184759766379588;-0,00543616564911531;23,804651664951773;1;1
4,184599277977626;-0,00543616564911531;23,929036585931467;1;1
4,184428759050539;-0,00543616564911531;23,6667507273665;1;1
4,184292571027395;-0,00543616564911531;23,84519971476868;1;1
4,1841736523214035;-0,00543616564911531;23,814214481501562;1;1
4,18405473361541;-0,00543616564911531;23,76123477016998;1;1
4,1839172022692805;-0,00543616564911531;23,854890604754406;1;1
4,183816896203425;-0,00543616564911531;23,823077163268234;1;1
4,183697977497432;-0,00543616564911531;23,866365984614117;1;1
4,183576164415109;-0,00543616564911531;23,866365984614117;1;1
4,116939942561151;4,6605263549349445;24,076618416239757;0,8971257230231022;0,970801478159774
3,9862765898700943;-3,355132239357344;24,497143274016448;0,9594126798890914;0,954130313901345
3,8411584908161154;-9,918075920013374;24,392012059572277;0,9482567048182118;0,924229790732437
3,936361763168276;-2,861357783346877;24,812526920086224;0,9005537368836399;0,886092982893207
4,0517249116770575;-0,10309902784981873;24,812526920086224;0,8874981071347265;0,873503333333333
4,049187188821011;-0,10497686853818422;24,707405702904747;0,8698001538123694;0,865573333333333
3,9159995172940296;-1,894480882711843;24,812526920086224;0,8310647587090823;0,837642758677961
3,9001357745209306;-2,803875528639331;24,812526920086224;0,8219545222520006;0,821745779770802
3,8175397877318504;-5,038592240473685;24,812526920086224;0,8005832599579766;0,791350504899518
3,7239182197403715;-7,857477688425641;24,917658134530388;0,7754740371784943;0,751964740076399
3,9149486711037564;-0,10541109539107651;24,812526920086224;0,7586105706111078;0,738307234678625
3,9039552155692645;-0,10543141009765122;24,812526920086224;0,7356186969443862;0,729963333333333
3,7118193523587593;-4,420932235969055;24,812526920086224;0,6852850896213547;0,701022247135028
3,7017909262995996;-5,4925898139094365;24,917658134530388;0,6715502592115961;0,684479536621824
3,6655236610668114;-5,204496742969859;24,812526920086224;0,6449328271919883;0,65290543099153
3,644425408544211;-3,9462027277421505;25,06762857147783;0,6134373810284597;0,61188563859824
3,7813821985697214;-0,10772393967109295;25,022789348974566;0,6076087903426115;0,597063592426507
3,769158921690413;-0,1093899049406879;24,917658134530388;0,5860628041778827;0,588213333333333
3,539180411065951;-5,123792358815342;24,812526920086224;0,5316222006525;0,558304407905664
3,549080589339771;-5,194203863706063;25,127920563418737;0,5168056256720028;0,541011569506727
3,4782919150025133;-6,435522257864388;24,917658134530388;0,49455085946863453;0,507954289985052
3,4719170140111073;-4,140177688466936;25,233051777862908;0,4590479375814608;0,464742240491613
3,6030093703125337;-0,1126315395966131;25,127920563418737;0,4389220245329258;0,448783333333333
3,608016411541638;-0,11425926541855702;25,022789348974566;0,42377786962681696;0,43927
3,3129254542675968;-9,80631310295618;25,127920563418737;0,3831748443319556;0,408279207772795
3,417043524497326;-4,882037238117242;25,127920563418737;0,36604004994686584;0,390130473343299
3,3789550267635913;-5,051834053326031;25,127920563418737;0,344651527430162;0,355840695897692
3,317736452956347;-4,730201103102747;25,863829067265197;0,3074222333971639;0,3105529795715
3,503066927227295;-0,11801223318861886;25,33818299230708;0,3042080887121621;0,293416307922272
3,4941820410053697;-0,07329036266589384;25,44330420948855;0,2850722739539997;0,283381811991364
3,0847149049097764;-10,60416349914862;25,52795395664437;0,2467991111167257;0,251479481813652
3,229059204175906;-5,16817506336206;25,44330420948855;0,2276316887717276;0,231772815146985
3,155138771997011;-4,307223404458211;25,863829067265197;0,19785718900847377;0,195286557050324
2,9488094958359694;-6,7026281656162165;26,704868785555828;0,1742583679941943;0,1455355754858
3,189902193133635;-0,00543616564911531;25,863829067265197;0,1565056469248865;0,136623333333333
3,204616973488654;-0,00543616564911531;25,54843542393272;0,1441858847419436;0,136623333333333
3,210695471713018;-0,00543616564911531;25,022789348974566;0,14645828534929012;0,136623333333333
3,2145873154606295;-0,00543616564911531;24,2868808451281;0,15671299297004707;0,136623333333333
3,217466076170848;-0,00543616564911531;24,076618416239757;0,1506430022223405;0,136623333333333
